id,Hora,Uso_CPU,Memoria_total,Memoria_usada,Procesos,Discos,Internet
1,2025-04-12 01:26:17,CPU 1: 51.28% | CPU 2: 40.86% | CPU 3: 49.83% | CPU 4: 41.52% | CPU 5: 47.33% | CPU 6: 41.46% | CPU 7: 58.26% | CPU 8: 43.53%,16221.05 MB,11062.41 MB,[14364] rust-analyzer.exe (Mem: 1616.44 MB) | [15956] brave.exe (Mem: 510.65 MB) | [19004] Code.exe (Mem: 446.68 MB) | [17172] brave.exe (Mem: 407.28 MB) | [15568] Copilot.exe (Mem: 362.02 MB),[D:\][Tipo: HDD] Lectura: 23774.86 MB | Escritura: 89645.04 MB | [C:\][Tipo: SSD] Lectura: 14605.58 MB | Escritura: 22105.82 MB,Wi-Fi: 0.36 Mbps (down) / 0.45 Mbps (up)
2,2025-04-12 01:31:22,CPU 1: 60.12% | CPU 2: 52.33% | CPU 3: 59.37% | CPU 4: 52.64% | CPU 5: 56.81% | CPU 6: 51.70% | CPU 7: 62.51% | CPU 8: 56.49%,16221.05 MB,10785.36 MB,[14364] rust-analyzer.exe (Mem: 1616.07 MB) | [15956] brave.exe (Mem: 516.71 MB) | [19004] Code.exe (Mem: 441.43 MB) | [17172] brave.exe (Mem: 373.95 MB) | [3992] brave.exe (Mem: 354.12 MB),[D:\][Tipo: HDD] Lectura: 23775.03 MB | Escritura: 89645.80 MB | [C:\][Tipo: SSD] Lectura: 14711.16 MB | Escritura: 22141.00 MB,Wi-Fi: 0.55 Mbps (down) / 0.45 Mbps (up)
3,2025-04-12 01:36:30,CPU 1: 56.40% | CPU 2: 49.24% | CPU 3: 54.77% | CPU 4: 50.02% | CPU 5: 53.94% | CPU 6: 49.51% | CPU 7: 59.12% | CPU 8: 54.83%,16221.05 MB,8023.84 MB,[15956] brave.exe (Mem: 433.61 MB) | [17172] brave.exe (Mem: 376.61 MB) | [8272] explorer.exe (Mem: 352.57 MB) | [3992] brave.exe (Mem: 332.07 MB) | [11168] brave.exe (Mem: 322.16 MB),[D:\][Tipo: HDD] Lectura: 23775.04 MB | Escritura: 89646.68 MB | [C:\][Tipo: SSD] Lectura: 14716.19 MB | Escritura: 22187.58 MB,Wi-Fi: 0.13 Mbps (down) / 0.45 Mbps (up)
4,2025-04-12 01:41:35,CPU 1: 58.27% | CPU 2: 48.94% | CPU 3: 54.80% | CPU 4: 49.55% | CPU 5: 54.65% | CPU 6: 47.65% | CPU 7: 59.51% | CPU 8: 54.77%,16221.05 MB,7991.70 MB,[15956] brave.exe (Mem: 423.12 MB) | [17172] brave.exe (Mem: 386.35 MB) | [8272] explorer.exe (Mem: 352.00 MB) | [11168] brave.exe (Mem: 319.76 MB) | [3992] brave.exe (Mem: 304.51 MB),[D:\][Tipo: HDD] Lectura: 23775.04 MB | Escritura: 89646.88 MB | [C:\][Tipo: SSD] Lectura: 14716.46 MB | Escritura: 22203.32 MB,Wi-Fi: 1.06 Mbps (down) / 0.45 Mbps (up)
5,2025-04-12 01:46:42,CPU 1: 55.74% | CPU 2: 40.69% | CPU 3: 50.21% | CPU 4: 43.25% | CPU 5: 49.83% | CPU 6: 42.68% | CPU 7: 57.23% | CPU 8: 46.19%,16221.05 MB,8192.14 MB,[17172] brave.exe (Mem: 409.17 MB) | [15956] brave.exe (Mem: 407.61 MB) | [8272] explorer.exe (Mem: 350.57 MB) | [3992] brave.exe (Mem: 346.12 MB) | [11168] brave.exe (Mem: 320.80 MB),[D:\][Tipo: HDD] Lectura: 23775.04 MB | Escritura: 89647.35 MB | [C:\][Tipo: SSD] Lectura: 14717.96 MB | Escritura: 22225.58 MB,Wi-Fi: 0.03 Mbps (down) / 0.45 Mbps (up)
6,2025-04-12 01:51:48,CPU 1: 51.26% | CPU 2: 40.39% | CPU 3: 51.19% | CPU 4: 40.87% | CPU 5: 48.96% | CPU 6: 38.07% | CPU 7: 53.48% | CPU 8: 39.89%,16221.05 MB,8451.13 MB,[15956] brave.exe (Mem: 550.14 MB) | [17172] brave.exe (Mem: 404.89 MB) | [8272] explorer.exe (Mem: 354.65 MB) | [11168] brave.exe (Mem: 342.12 MB) | [6948] brave.exe (Mem: 299.71 MB),[D:\][Tipo: HDD] Lectura: 23775.17 MB | Escritura: 89647.92 MB | [C:\][Tipo: SSD] Lectura: 14837.06 MB | Escritura: 22282.59 MB,Wi-Fi: 0.09 Mbps (down) / 0.55 Mbps (up)
7,2025-04-12 01:56:54,CPU 1: 40.14% | CPU 2: 16.66% | CPU 3: 48.20% | CPU 4: 20.97% | CPU 5: 40.89% | CPU 6: 22.13% | CPU 7: 35.21% | CPU 8: 17.92%,16221.05 MB,8230.98 MB,[15956] brave.exe (Mem: 643.46 MB) | [17172] brave.exe (Mem: 426.09 MB) | [8272] explorer.exe (Mem: 342.64 MB) | [11168] brave.exe (Mem: 334.67 MB) | [6948] brave.exe (Mem: 295.54 MB),[D:\][Tipo: HDD] Lectura: 23775.17 MB | Escritura: 89648.28 MB | [C:\][Tipo: SSD] Lectura: 16146.50 MB | Escritura: 22320.18 MB,Wi-Fi: 0.25 Mbps (down) / 0.49 Mbps (up)
8,2025-04-12 02:02:01,CPU 1: 39.90% | CPU 2: 25.51% | CPU 3: 38.22% | CPU 4: 26.47% | CPU 5: 38.17% | CPU 6: 26.57% | CPU 7: 42.91% | CPU 8: 25.27%,16221.05 MB,10460.73 MB,[7556] rust-analyzer.exe (Mem: 1615.23 MB) | [15956] brave.exe (Mem: 492.34 MB) | [17172] brave.exe (Mem: 438.18 MB) | [14588] Code.exe (Mem: 419.22 MB) | [8272] explorer.exe (Mem: 345.66 MB),[D:\][Tipo: HDD] Lectura: 23775.17 MB | Escritura: 89650.85 MB | [C:\][Tipo: SSD] Lectura: 16153.47 MB | Escritura: 22428.22 MB,Wi-Fi: 0.16 Mbps (down) / 0.46 Mbps (up)
9,2025-04-12 02:07:08,CPU 1: 40.75% | CPU 2: 29.92% | CPU 3: 40.91% | CPU 4: 28.46% | CPU 5: 39.80% | CPU 6: 25.83% | CPU 7: 42.67% | CPU 8: 28.17%,16221.05 MB,9572.30 MB,[7556] rust-analyzer.exe (Mem: 1617.41 MB) | [17172] brave.exe (Mem: 443.71 MB) | [14588] Code.exe (Mem: 410.30 MB) | [8272] explorer.exe (Mem: 343.70 MB) | [6948] brave.exe (Mem: 284.64 MB),[D:\][Tipo: HDD] Lectura: 23775.84 MB | Escritura: 89652.17 MB | [C:\][Tipo: SSD] Lectura: 16328.13 MB | Escritura: 22477.17 MB,Wi-Fi: 0.47 Mbps (down) / 0.47 Mbps (up)
10,2025-04-12 02:12:16,CPU 1: 41.75% | CPU 2: 25.43% | CPU 3: 38.90% | CPU 4: 25.45% | CPU 5: 37.84% | CPU 6: 24.24% | CPU 7: 41.87% | CPU 8: 24.64%,16221.05 MB,9175.45 MB,[7556] rust-analyzer.exe (Mem: 1617.23 MB) | [17172] brave.exe (Mem: 438.68 MB) | [14588] Code.exe (Mem: 405.56 MB) | [8272] explorer.exe (Mem: 340.12 MB) | [6948] brave.exe (Mem: 278.18 MB),[D:\][Tipo: HDD] Lectura: 23775.84 MB | Escritura: 89652.45 MB | [C:\][Tipo: SSD] Lectura: 16328.88 MB | Escritura: 22496.44 MB,Wi-Fi: 0.18 Mbps (down) / 0.61 Mbps (up)
11,2025-04-12 02:17:23,CPU 1: 39.14% | CPU 2: 23.52% | CPU 3: 35.35% | CPU 4: 26.36% | CPU 5: 35.43% | CPU 6: 22.59% | CPU 7: 39.87% | CPU 8: 25.92%,16221.05 MB,9533.52 MB,[7556] rust-analyzer.exe (Mem: 1617.23 MB) | [17172] brave.exe (Mem: 426.06 MB) | [14588] Code.exe (Mem: 409.50 MB) | [8272] explorer.exe (Mem: 339.06 MB) | [6948] brave.exe (Mem: 323.05 MB),[D:\][Tipo: HDD] Lectura: 23775.84 MB | Escritura: 89652.88 MB | [C:\][Tipo: SSD] Lectura: 16337.84 MB | Escritura: 22527.23 MB,Wi-Fi: 0.18 Mbps (down) / 0.46 Mbps (up)
12,2025-04-12 02:22:29,CPU 1: 39.23% | CPU 2: 21.63% | CPU 3: 35.36% | CPU 4: 24.42% | CPU 5: 36.89% | CPU 6: 21.75% | CPU 7: 38.28% | CPU 8: 23.49%,16221.05 MB,9460.97 MB,[7556] rust-analyzer.exe (Mem: 1617.23 MB) | [17172] brave.exe (Mem: 430.12 MB) | [14588] Code.exe (Mem: 409.52 MB) | [8272] explorer.exe (Mem: 339.11 MB) | [6948] brave.exe (Mem: 320.87 MB),[D:\][Tipo: HDD] Lectura: 23775.99 MB | Escritura: 89654.47 MB | [C:\][Tipo: SSD] Lectura: 16344.12 MB | Escritura: 22555.80 MB,Wi-Fi: 0.16 Mbps (down) / 0.45 Mbps (up)
13,2025-04-12 02:27:36,CPU 1: 39.92% | CPU 2: 24.78% | CPU 3: 39.07% | CPU 4: 26.75% | CPU 5: 37.04% | CPU 6: 22.79% | CPU 7: 40.48% | CPU 8: 24.69%,16221.05 MB,9350.72 MB,[7556] rust-analyzer.exe (Mem: 1617.23 MB) | [17172] brave.exe (Mem: 449.69 MB) | [14588] Code.exe (Mem: 410.02 MB) | [8272] explorer.exe (Mem: 335.38 MB) | [6948] brave.exe (Mem: 320.39 MB),[D:\][Tipo: HDD] Lectura: 23775.99 MB | Escritura: 89655.28 MB | [C:\][Tipo: SSD] Lectura: 16346.20 MB | Escritura: 22572.68 MB,Wi-Fi: 0.16 Mbps (down) / 0.47 Mbps (up)
14,2025-04-12 02:32:44,CPU 1: 42.68% | CPU 2: 25.22% | CPU 3: 37.88% | CPU 4: 27.60% | CPU 5: 39.47% | CPU 6: 24.71% | CPU 7: 44.37% | CPU 8: 24.65%,16221.05 MB,9528.93 MB,[7556] rust-analyzer.exe (Mem: 1617.23 MB) | [17172] brave.exe (Mem: 567.18 MB) | [14588] Code.exe (Mem: 417.89 MB) | [8272] explorer.exe (Mem: 335.46 MB) | [6948] brave.exe (Mem: 323.16 MB),[D:\][Tipo: HDD] Lectura: 23776.08 MB | Escritura: 89657.21 MB | [C:\][Tipo: SSD] Lectura: 16411.19 MB | Escritura: 22610.84 MB,Wi-Fi: 0.09 Mbps (down) / 0.46 Mbps (up)
15,2025-04-12 02:37:51,CPU 1: 40.85% | CPU 2: 24.81% | CPU 3: 36.44% | CPU 4: 24.81% | CPU 5: 37.24% | CPU 6: 24.48% | CPU 7: 42.79% | CPU 8: 24.71%,16221.05 MB,9588.81 MB,[7556] rust-analyzer.exe (Mem: 1617.23 MB) | [17172] brave.exe (Mem: 566.62 MB) | [14588] Code.exe (Mem: 418.23 MB) | [8272] explorer.exe (Mem: 336.44 MB) | [6948] brave.exe (Mem: 321.57 MB),[D:\][Tipo: HDD] Lectura: 23778.79 MB | Escritura: 89660.76 MB | [C:\][Tipo: SSD] Lectura: 16411.90 MB | Escritura: 22646.21 MB,Wi-Fi: 0.05 Mbps (down) / 0.46 Mbps (up)
16,2025-04-12 02:42:58,CPU 1: 38.89% | CPU 2: 21.38% | CPU 3: 33.73% | CPU 4: 24.03% | CPU 5: 34.29% | CPU 6: 24.96% | CPU 7: 45.18% | CPU 8: 23.35%,16221.05 MB,9437.09 MB,[7556] rust-analyzer.exe (Mem: 1617.23 MB) | [17172] brave.exe (Mem: 457.77 MB) | [14588] Code.exe (Mem: 418.18 MB) | [8272] explorer.exe (Mem: 336.68 MB) | [6948] brave.exe (Mem: 321.21 MB),[D:\][Tipo: HDD] Lectura: 23778.79 MB | Escritura: 89661.15 MB | [C:\][Tipo: SSD] Lectura: 16412.02 MB | Escritura: 22659.21 MB,Wi-Fi: 0.05 Mbps (down) / 0.47 Mbps (up)
17,2025-04-12 02:48:05,CPU 1: 41.25% | CPU 2: 25.86% | CPU 3: 35.28% | CPU 4: 27.50% | CPU 5: 38.04% | CPU 6: 25.97% | CPU 7: 43.91% | CPU 8: 26.71%,16221.05 MB,9490.68 MB,[7556] rust-analyzer.exe (Mem: 1617.23 MB) | [17172] brave.exe (Mem: 462.90 MB) | [14588] Code.exe (Mem: 420.69 MB) | [8272] explorer.exe (Mem: 336.39 MB) | [6948] brave.exe (Mem: 321.35 MB),[D:\][Tipo: HDD] Lectura: 23779.08 MB | Escritura: 89661.61 MB | [C:\][Tipo: SSD] Lectura: 16412.23 MB | Escritura: 22672.97 MB,Wi-Fi: 0.06 Mbps (down) / 0.45 Mbps (up)
18,2025-04-12 02:53:11,CPU 1: 39.11% | CPU 2: 22.57% | CPU 3: 34.72% | CPU 4: 26.53% | CPU 5: 35.54% | CPU 6: 24.89% | CPU 7: 43.24% | CPU 8: 25.09%,16221.05 MB,9449.73 MB,[7556] rust-analyzer.exe (Mem: 1617.23 MB) | [17172] brave.exe (Mem: 485.65 MB) | [14588] Code.exe (Mem: 420.71 MB) | [8272] explorer.exe (Mem: 336.44 MB) | [6948] brave.exe (Mem: 321.19 MB),[D:\][Tipo: HDD] Lectura: 23779.08 MB | Escritura: 89661.95 MB | [C:\][Tipo: SSD] Lectura: 16412.71 MB | Escritura: 22698.35 MB,Wi-Fi: 0.06 Mbps (down) / 0.45 Mbps (up)
19,2025-04-12 02:58:18,CPU 1: 39.85% | CPU 2: 21.74% | CPU 3: 32.59% | CPU 4: 25.26% | CPU 5: 34.88% | CPU 6: 25.28% | CPU 7: 43.97% | CPU 8: 23.61%,16221.05 MB,9402.22 MB,[7556] rust-analyzer.exe (Mem: 1617.23 MB) | [17172] brave.exe (Mem: 475.87 MB) | [14588] Code.exe (Mem: 421.03 MB) | [8272] explorer.exe (Mem: 335.57 MB) | [6948] brave.exe (Mem: 321.44 MB),[D:\][Tipo: HDD] Lectura: 23779.08 MB | Escritura: 89662.40 MB | [C:\][Tipo: SSD] Lectura: 16412.78 MB | Escritura: 22711.08 MB,Wi-Fi: 0.06 Mbps (down) / 0.47 Mbps (up)
20,2025-04-12 03:03:26,CPU 1: 39.38% | CPU 2: 22.97% | CPU 3: 35.25% | CPU 4: 26.51% | CPU 5: 35.79% | CPU 6: 23.04% | CPU 7: 40.59% | CPU 8: 23.68%,16221.05 MB,9478.34 MB,[7556] rust-analyzer.exe (Mem: 1617.23 MB) | [17172] brave.exe (Mem: 474.71 MB) | [14588] Code.exe (Mem: 433.20 MB) | [8272] explorer.exe (Mem: 335.61 MB) | [6948] brave.exe (Mem: 321.27 MB),[D:\][Tipo: HDD] Lectura: 23787.13 MB | Escritura: 89662.93 MB | [C:\][Tipo: SSD] Lectura: 16413.97 MB | Escritura: 22728.38 MB,Wi-Fi: 0.06 Mbps (down) / 0.48 Mbps (up)
21,2025-04-12 03:08:31,CPU 1: 39.62% | CPU 2: 22.81% | CPU 3: 33.98% | CPU 4: 25.54% | CPU 5: 36.39% | CPU 6: 23.75% | CPU 7: 40.49% | CPU 8: 24.90%,16221.05 MB,9460.55 MB,[7556] rust-analyzer.exe (Mem: 1617.23 MB) | [17172] brave.exe (Mem: 470.10 MB) | [14588] Code.exe (Mem: 433.28 MB) | [8272] explorer.exe (Mem: 335.55 MB) | [6948] brave.exe (Mem: 321.11 MB),[D:\][Tipo: HDD] Lectura: 23787.13 MB | Escritura: 89663.18 MB | [C:\][Tipo: SSD] Lectura: 16414.09 MB | Escritura: 22759.97 MB,Wi-Fi: 0.05 Mbps (down) / 0.46 Mbps (up)
22,2025-04-12 03:13:39,CPU 1: 42.10% | CPU 2: 22.05% | CPU 3: 37.22% | CPU 4: 25.49% | CPU 5: 35.91% | CPU 6: 26.04% | CPU 7: 42.39% | CPU 8: 24.49%,16221.05 MB,9433.12 MB,[7556] rust-analyzer.exe (Mem: 1617.23 MB) | [17172] brave.exe (Mem: 469.36 MB) | [14588] Code.exe (Mem: 433.34 MB) | [8272] explorer.exe (Mem: 335.54 MB) | [6948] brave.exe (Mem: 321.64 MB),[D:\][Tipo: HDD] Lectura: 23787.13 MB | Escritura: 89663.48 MB | [C:\][Tipo: SSD] Lectura: 16416.50 MB | Escritura: 22775.61 MB,Wi-Fi: 0.08 Mbps (down) / 0.47 Mbps (up)
23,2025-04-12 03:18:46,CPU 1: 42.18% | CPU 2: 23.30% | CPU 3: 36.11% | CPU 4: 26.07% | CPU 5: 35.99% | CPU 6: 28.16% | CPU 7: 42.41% | CPU 8: 25.58%,16221.05 MB,9570.42 MB,[7556] rust-analyzer.exe (Mem: 1617.23 MB) | [17172] brave.exe (Mem: 469.70 MB) | [14588] Code.exe (Mem: 429.02 MB) | [8272] explorer.exe (Mem: 335.60 MB) | [6948] brave.exe (Mem: 322.51 MB),[D:\][Tipo: HDD] Lectura: 23787.13 MB | Escritura: 89664.22 MB | [C:\][Tipo: SSD] Lectura: 16420.42 MB | Escritura: 22793.85 MB,Wi-Fi: 0.07 Mbps (down) / 0.47 Mbps (up)
24,2025-04-12 03:23:53,CPU 1: 39.20% | CPU 2: 25.64% | CPU 3: 37.77% | CPU 4: 26.23% | CPU 5: 38.83% | CPU 6: 22.43% | CPU 7: 42.22% | CPU 8: 25.47%,16221.05 MB,9557.64 MB,[7556] rust-analyzer.exe (Mem: 1617.23 MB) | [17172] brave.exe (Mem: 495.18 MB) | [14588] Code.exe (Mem: 429.57 MB) | [8272] explorer.exe (Mem: 335.81 MB) | [6948] brave.exe (Mem: 322.58 MB),[D:\][Tipo: HDD] Lectura: 23787.13 MB | Escritura: 89664.89 MB | [C:\][Tipo: SSD] Lectura: 16421.32 MB | Escritura: 22812.94 MB,Wi-Fi: 0.14 Mbps (down) / 0.48 Mbps (up)
25,2025-04-12 03:29:01,CPU 1: 40.89% | CPU 2: 24.09% | CPU 3: 35.52% | CPU 4: 26.70% | CPU 5: 35.96% | CPU 6: 24.62% | CPU 7: 42.83% | CPU 8: 26.18%,16221.05 MB,9505.36 MB,[7556] rust-analyzer.exe (Mem: 1617.23 MB) | [17172] brave.exe (Mem: 490.16 MB) | [14588] Code.exe (Mem: 429.42 MB) | [8272] explorer.exe (Mem: 336.70 MB) | [6948] brave.exe (Mem: 322.14 MB),[D:\][Tipo: HDD] Lectura: 23787.13 MB | Escritura: 89665.33 MB | [C:\][Tipo: SSD] Lectura: 16421.65 MB | Escritura: 22825.23 MB,Wi-Fi: 0.06 Mbps (down) / 0.47 Mbps (up)
26,2025-04-12 03:34:08,CPU 1: 40.36% | CPU 2: 27.19% | CPU 3: 36.24% | CPU 4: 29.29% | CPU 5: 40.23% | CPU 6: 25.47% | CPU 7: 45.07% | CPU 8: 27.65%,16221.05 MB,9522.52 MB,[7556] rust-analyzer.exe (Mem: 1617.23 MB) | [17172] brave.exe (Mem: 486.20 MB) | [14588] Code.exe (Mem: 430.08 MB) | [8272] explorer.exe (Mem: 336.75 MB) | [6948] brave.exe (Mem: 322.38 MB),[D:\][Tipo: HDD] Lectura: 23787.13 MB | Escritura: 89665.83 MB | [C:\][Tipo: SSD] Lectura: 16421.72 MB | Escritura: 22840.32 MB,Wi-Fi: 0.09 Mbps (down) / 0.47 Mbps (up)
27,2025-04-12 03:39:15,CPU 1: 38.10% | CPU 2: 24.83% | CPU 3: 37.89% | CPU 4: 24.22% | CPU 5: 34.48% | CPU 6: 23.03% | CPU 7: 39.74% | CPU 8: 25.11%,16221.05 MB,9546.94 MB,[7556] rust-analyzer.exe (Mem: 1617.23 MB) | [17172] brave.exe (Mem: 482.79 MB) | [14588] Code.exe (Mem: 430.06 MB) | [8272] explorer.exe (Mem: 336.67 MB) | [6948] brave.exe (Mem: 321.91 MB),[D:\][Tipo: HDD] Lectura: 23787.13 MB | Escritura: 89666.25 MB | [C:\][Tipo: SSD] Lectura: 16421.84 MB | Escritura: 22870.36 MB,Wi-Fi: 0.05 Mbps (down) / 0.46 Mbps (up)
28,2025-04-12 03:44:23,CPU 1: 40.76% | CPU 2: 24.16% | CPU 3: 34.21% | CPU 4: 25.80% | CPU 5: 37.67% | CPU 6: 22.04% | CPU 7: 41.80% | CPU 8: 25.71%,16221.05 MB,9522.48 MB,[7556] rust-analyzer.exe (Mem: 1617.23 MB) | [17172] brave.exe (Mem: 482.90 MB) | [14588] Code.exe (Mem: 431.35 MB) | [8272] explorer.exe (Mem: 335.68 MB) | [6948] brave.exe (Mem: 322.88 MB),[D:\][Tipo: HDD] Lectura: 23787.13 MB | Escritura: 89666.53 MB | [C:\][Tipo: SSD] Lectura: 16422.65 MB | Escritura: 22888.23 MB,Wi-Fi: 0.07 Mbps (down) / 0.45 Mbps (up)
29,2025-04-12 03:49:30,CPU 1: 42.05% | CPU 2: 23.28% | CPU 3: 36.11% | CPU 4: 26.96% | CPU 5: 36.79% | CPU 6: 22.92% | CPU 7: 40.89% | CPU 8: 24.35%,16221.05 MB,9566.73 MB,[7556] rust-analyzer.exe (Mem: 1617.23 MB) | [17172] brave.exe (Mem: 485.16 MB) | [14588] Code.exe (Mem: 431.36 MB) | [8272] explorer.exe (Mem: 335.63 MB) | [6948] brave.exe (Mem: 323.08 MB),[D:\][Tipo: HDD] Lectura: 23787.13 MB | Escritura: 89666.96 MB | [C:\][Tipo: SSD] Lectura: 16422.72 MB | Escritura: 22904.02 MB,Wi-Fi: 0.06 Mbps (down) / 0.45 Mbps (up)
30,2025-04-12 03:54:37,CPU 1: 40.89% | CPU 2: 24.36% | CPU 3: 36.36% | CPU 4: 25.78% | CPU 5: 37.37% | CPU 6: 21.65% | CPU 7: 41.24% | CPU 8: 26.06%,16221.05 MB,9551.90 MB,[7556] rust-analyzer.exe (Mem: 1617.23 MB) | [17172] brave.exe (Mem: 487.46 MB) | [14588] Code.exe (Mem: 431.34 MB) | [8272] explorer.exe (Mem: 335.65 MB) | [6948] brave.exe (Mem: 322.98 MB),[D:\][Tipo: HDD] Lectura: 23787.13 MB | Escritura: 89667.24 MB | [C:\][Tipo: SSD] Lectura: 16422.84 MB | Escritura: 22914.77 MB,Wi-Fi: 0.05 Mbps (down) / 0.47 Mbps (up)
31,2025-04-12 03:59:44,CPU 1: 38.82% | CPU 2: 27.66% | CPU 3: 35.88% | CPU 4: 26.13% | CPU 5: 35.70% | CPU 6: 23.71% | CPU 7: 42.28% | CPU 8: 23.24%,16221.05 MB,9520.74 MB,[7556] rust-analyzer.exe (Mem: 1617.23 MB) | [17172] brave.exe (Mem: 484.47 MB) | [14588] Code.exe (Mem: 437.09 MB) | [8272] explorer.exe (Mem: 335.71 MB) | [6948] brave.exe (Mem: 323.29 MB),[D:\][Tipo: HDD] Lectura: 23787.13 MB | Escritura: 89667.52 MB | [C:\][Tipo: SSD] Lectura: 16422.98 MB | Escritura: 22940.14 MB,Wi-Fi: 0.05 Mbps (down) / 0.46 Mbps (up)
32,2025-04-12 04:04:52,CPU 1: 39.79% | CPU 2: 24.44% | CPU 3: 34.88% | CPU 4: 26.00% | CPU 5: 35.26% | CPU 6: 22.89% | CPU 7: 40.04% | CPU 8: 27.12%,16221.05 MB,9538.72 MB,[7556] rust-analyzer.exe (Mem: 1617.23 MB) | [17172] brave.exe (Mem: 492.70 MB) | [14588] Code.exe (Mem: 437.08 MB) | [8272] explorer.exe (Mem: 335.62 MB) | [6948] brave.exe (Mem: 323.74 MB),[D:\][Tipo: HDD] Lectura: 23787.13 MB | Escritura: 89668.04 MB | [C:\][Tipo: SSD] Lectura: 16427.68 MB | Escritura: 22975.15 MB,Wi-Fi: 0.05 Mbps (down) / 0.47 Mbps (up)
33,2025-04-12 04:09:59,CPU 1: 41.78% | CPU 2: 26.58% | CPU 3: 36.79% | CPU 4: 28.53% | CPU 5: 39.68% | CPU 6: 25.67% | CPU 7: 43.92% | CPU 8: 28.19%,16221.05 MB,9543.43 MB,[7556] rust-analyzer.exe (Mem: 1617.23 MB) | [17172] brave.exe (Mem: 500.02 MB) | [14588] Code.exe (Mem: 437.05 MB) | [8272] explorer.exe (Mem: 335.71 MB) | [6948] brave.exe (Mem: 323.30 MB),[D:\][Tipo: HDD] Lectura: 23787.21 MB | Escritura: 89669.95 MB | [C:\][Tipo: SSD] Lectura: 16427.97 MB | Escritura: 22988.27 MB,Wi-Fi: 0.08 Mbps (down) / 0.47 Mbps (up)
34,2025-04-12 04:15:05,CPU 1: 38.46% | CPU 2: 23.78% | CPU 3: 36.33% | CPU 4: 27.40% | CPU 5: 38.96% | CPU 6: 21.82% | CPU 7: 41.05% | CPU 8: 27.52%,16221.05 MB,9525.07 MB,[7556] rust-analyzer.exe (Mem: 1617.23 MB) | [17172] brave.exe (Mem: 488.73 MB) | [14588] Code.exe (Mem: 436.95 MB) | [8272] explorer.exe (Mem: 336.64 MB) | [6948] brave.exe (Mem: 323.35 MB),[D:\][Tipo: HDD] Lectura: 23787.21 MB | Escritura: 89670.11 MB | [C:\][Tipo: SSD] Lectura: 16428.48 MB | Escritura: 23001.22 MB,Wi-Fi: 0.05 Mbps (down) / 0.47 Mbps (up)
35,2025-04-12 04:20:12,CPU 1: 39.56% | CPU 2: 22.48% | CPU 3: 35.62% | CPU 4: 25.71% | CPU 5: 38.10% | CPU 6: 26.36% | CPU 7: 41.25% | CPU 8: 25.02%,16221.05 MB,9609.73 MB,[7556] rust-analyzer.exe (Mem: 1617.23 MB) | [17172] brave.exe (Mem: 483.00 MB) | [14588] Code.exe (Mem: 436.79 MB) | [8272] explorer.exe (Mem: 336.79 MB) | [6948] brave.exe (Mem: 323.23 MB),[D:\][Tipo: HDD] Lectura: 23787.21 MB | Escritura: 89670.84 MB | [C:\][Tipo: SSD] Lectura: 16430.89 MB | Escritura: 23023.05 MB,Wi-Fi: 0.06 Mbps (down) / 0.46 Mbps (up)
36,2025-04-12 04:25:19,CPU 1: 38.70% | CPU 2: 22.25% | CPU 3: 31.87% | CPU 4: 26.13% | CPU 5: 35.40% | CPU 6: 21.08% | CPU 7: 40.86% | CPU 8: 22.88%,16221.05 MB,9606.43 MB,[7556] rust-analyzer.exe (Mem: 1617.23 MB) | [17172] brave.exe (Mem: 478.82 MB) | [14588] Code.exe (Mem: 436.79 MB) | [8272] explorer.exe (Mem: 335.76 MB) | [6948] brave.exe (Mem: 323.26 MB),[D:\][Tipo: HDD] Lectura: 23787.21 MB | Escritura: 89671.29 MB | [C:\][Tipo: SSD] Lectura: 16431.01 MB | Escritura: 23037.04 MB,Wi-Fi: 0.04 Mbps (down) / 0.45 Mbps (up)
37,2025-04-12 04:30:27,CPU 1: 40.87% | CPU 2: 24.88% | CPU 3: 37.96% | CPU 4: 26.67% | CPU 5: 36.61% | CPU 6: 24.07% | CPU 7: 43.51% | CPU 8: 25.00%,16221.05 MB,9529.27 MB,[7556] rust-analyzer.exe (Mem: 1617.23 MB) | [17172] brave.exe (Mem: 506.32 MB) | [14588] Code.exe (Mem: 436.82 MB) | [8272] explorer.exe (Mem: 335.83 MB) | [6948] brave.exe (Mem: 323.38 MB),[D:\][Tipo: HDD] Lectura: 23787.21 MB | Escritura: 89671.70 MB | [C:\][Tipo: SSD] Lectura: 16431.20 MB | Escritura: 23055.25 MB,Wi-Fi: 0.04 Mbps (down) / 0.47 Mbps (up)
38,2025-04-12 04:35:34,CPU 1: 39.96% | CPU 2: 24.69% | CPU 3: 36.02% | CPU 4: 26.66% | CPU 5: 38.26% | CPU 6: 21.07% | CPU 7: 42.49% | CPU 8: 24.39%,16221.05 MB,9549.45 MB,[7556] rust-analyzer.exe (Mem: 1617.23 MB) | [17172] brave.exe (Mem: 501.45 MB) | [14588] Code.exe (Mem: 436.79 MB) | [8272] explorer.exe (Mem: 335.84 MB) | [6948] brave.exe (Mem: 323.31 MB),[D:\][Tipo: HDD] Lectura: 23787.21 MB | Escritura: 89672.21 MB | [C:\][Tipo: SSD] Lectura: 16432.18 MB | Escritura: 23089.55 MB,Wi-Fi: 0.04 Mbps (down) / 0.47 Mbps (up)
39,2025-04-12 04:40:41,CPU 1: 40.43% | CPU 2: 22.72% | CPU 3: 33.77% | CPU 4: 26.03% | CPU 5: 36.65% | CPU 6: 22.31% | CPU 7: 41.58% | CPU 8: 24.36%,16221.05 MB,9568.75 MB,[7556] rust-analyzer.exe (Mem: 1617.23 MB) | [17172] brave.exe (Mem: 493.29 MB) | [14588] Code.exe (Mem: 436.79 MB) | [8272] explorer.exe (Mem: 335.80 MB) | [6948] brave.exe (Mem: 323.58 MB),[D:\][Tipo: HDD] Lectura: 23787.24 MB | Escritura: 89672.74 MB | [C:\][Tipo: SSD] Lectura: 16440.84 MB | Escritura: 23106.67 MB,Wi-Fi: 0.04 Mbps (down) / 0.46 Mbps (up)
40,2025-04-12 04:45:49,CPU 1: 38.25% | CPU 2: 26.80% | CPU 3: 35.40% | CPU 4: 26.37% | CPU 5: 37.97% | CPU 6: 23.86% | CPU 7: 42.75% | CPU 8: 23.18%,16221.05 MB,9533.39 MB,[7556] rust-analyzer.exe (Mem: 1617.23 MB) | [17172] brave.exe (Mem: 490.08 MB) | [14588] Code.exe (Mem: 437.02 MB) | [8272] explorer.exe (Mem: 335.84 MB) | [6948] brave.exe (Mem: 323.46 MB),[D:\][Tipo: HDD] Lectura: 23787.24 MB | Escritura: 89673.00 MB | [C:\][Tipo: SSD] Lectura: 16440.95 MB | Escritura: 23118.61 MB,Wi-Fi: 0.05 Mbps (down) / 0.43 Mbps (up)
41,2025-04-12 04:50:56,CPU 1: 39.02% | CPU 2: 29.85% | CPU 3: 36.33% | CPU 4: 28.06% | CPU 5: 37.84% | CPU 6: 25.00% | CPU 7: 43.74% | CPU 8: 27.83%,16221.05 MB,9569.83 MB,[7556] rust-analyzer.exe (Mem: 1617.23 MB) | [17172] brave.exe (Mem: 487.12 MB) | [14588] Code.exe (Mem: 437.02 MB) | [8272] explorer.exe (Mem: 335.84 MB) | [6948] brave.exe (Mem: 323.56 MB),[D:\][Tipo: HDD] Lectura: 23787.24 MB | Escritura: 89673.50 MB | [C:\][Tipo: SSD] Lectura: 16441.26 MB | Escritura: 23132.39 MB,Wi-Fi: 0.06 Mbps (down) / 0.47 Mbps (up)
42,2025-04-12 04:56:03,CPU 1: 39.94% | CPU 2: 25.07% | CPU 3: 36.37% | CPU 4: 28.28% | CPU 5: 36.49% | CPU 6: 25.04% | CPU 7: 42.84% | CPU 8: 25.56%,16221.05 MB,9593.42 MB,[7556] rust-analyzer.exe (Mem: 1617.23 MB) | [17172] brave.exe (Mem: 506.71 MB) | [14588] Code.exe (Mem: 437.06 MB) | [8272] explorer.exe (Mem: 336.73 MB) | [6948] brave.exe (Mem: 323.38 MB),[D:\][Tipo: HDD] Lectura: 23787.24 MB | Escritura: 89673.83 MB | [C:\][Tipo: SSD] Lectura: 16441.75 MB | Escritura: 23144.30 MB,Wi-Fi: 0.05 Mbps (down) / 0.47 Mbps (up)
43,2025-04-12 05:01:09,CPU 1: 34.23% | CPU 2: 22.14% | CPU 3: 34.37% | CPU 4: 25.74% | CPU 5: 30.38% | CPU 6: 21.60% | CPU 7: 36.67% | CPU 8: 23.63%,16221.05 MB,9636.72 MB,[7556] rust-analyzer.exe (Mem: 1617.23 MB) | [17172] brave.exe (Mem: 491.61 MB) | [14588] Code.exe (Mem: 439.14 MB) | [8272] explorer.exe (Mem: 336.80 MB) | [6948] brave.exe (Mem: 323.54 MB),[D:\][Tipo: HDD] Lectura: 23787.27 MB | Escritura: 89674.21 MB | [C:\][Tipo: SSD] Lectura: 16441.92 MB | Escritura: 23157.78 MB,Wi-Fi: 0.05 Mbps (down) / 0.48 Mbps (up)
44,2025-04-12 05:06:14,CPU 1: 40.61% | CPU 2: 24.52% | CPU 3: 34.09% | CPU 4: 27.10% | CPU 5: 38.15% | CPU 6: 23.85% | CPU 7: 39.50% | CPU 8: 25.79%,16221.05 MB,9606.99 MB,[7556] rust-analyzer.exe (Mem: 1617.23 MB) | [17172] brave.exe (Mem: 485.90 MB) | [14588] Code.exe (Mem: 439.14 MB) | [8272] explorer.exe (Mem: 336.73 MB) | [6948] brave.exe (Mem: 323.55 MB),[D:\][Tipo: HDD] Lectura: 23787.27 MB | Escritura: 89674.54 MB | [C:\][Tipo: SSD] Lectura: 16442.99 MB | Escritura: 23191.32 MB,Wi-Fi: 0.06 Mbps (down) / 0.47 Mbps (up)
45,2025-04-12 05:11:22,CPU 1: 38.05% | CPU 2: 22.91% | CPU 3: 32.22% | CPU 4: 28.69% | CPU 5: 35.53% | CPU 6: 23.64% | CPU 7: 41.49% | CPU 8: 24.15%,16221.05 MB,9610.81 MB,[7556] rust-analyzer.exe (Mem: 1617.23 MB) | [17172] brave.exe (Mem: 479.58 MB) | [14588] Code.exe (Mem: 439.19 MB) | [8272] explorer.exe (Mem: 335.95 MB) | [6948] brave.exe (Mem: 323.63 MB),[D:\][Tipo: HDD] Lectura: 23787.27 MB | Escritura: 89674.91 MB | [C:\][Tipo: SSD] Lectura: 16443.24 MB | Escritura: 23204.52 MB,Wi-Fi: 0.07 Mbps (down) / 0.47 Mbps (up)
46,2025-04-12 05:16:29,CPU 1: 39.38% | CPU 2: 23.70% | CPU 3: 33.77% | CPU 4: 26.89% | CPU 5: 36.94% | CPU 6: 20.97% | CPU 7: 40.06% | CPU 8: 24.63%,16221.05 MB,9571.26 MB,[7556] rust-analyzer.exe (Mem: 1617.23 MB) | [17172] brave.exe (Mem: 472.27 MB) | [14588] Code.exe (Mem: 437.92 MB) | [8272] explorer.exe (Mem: 335.96 MB) | [6948] brave.exe (Mem: 323.36 MB),[D:\][Tipo: HDD] Lectura: 23787.27 MB | Escritura: 89675.31 MB | [C:\][Tipo: SSD] Lectura: 16443.53 MB | Escritura: 23217.87 MB,Wi-Fi: 0.04 Mbps (down) / 0.47 Mbps (up)
47,2025-04-12 05:21:36,CPU 1: 43.07% | CPU 2: 27.02% | CPU 3: 36.92% | CPU 4: 29.71% | CPU 5: 40.34% | CPU 6: 25.59% | CPU 7: 42.37% | CPU 8: 27.31%,16221.05 MB,9706.10 MB,[7556] rust-analyzer.exe (Mem: 1617.23 MB) | [17172] brave.exe (Mem: 500.65 MB) | [14588] Code.exe (Mem: 437.93 MB) | [8272] explorer.exe (Mem: 336.49 MB) | [6948] brave.exe (Mem: 323.39 MB),[D:\][Tipo: HDD] Lectura: 23787.27 MB | Escritura: 89676.00 MB | [C:\][Tipo: SSD] Lectura: 16447.91 MB | Escritura: 23241.99 MB,Wi-Fi: 0.05 Mbps (down) / 0.46 Mbps (up)
48,2025-04-12 05:26:42,CPU 1: 41.09% | CPU 2: 25.07% | CPU 3: 36.36% | CPU 4: 27.54% | CPU 5: 38.17% | CPU 6: 25.29% | CPU 7: 42.91% | CPU 8: 25.57%,16221.05 MB,9595.61 MB,[7556] rust-analyzer.exe (Mem: 1617.23 MB) | [17172] brave.exe (Mem: 495.50 MB) | [14588] Code.exe (Mem: 437.94 MB) | [8272] explorer.exe (Mem: 336.62 MB) | [6948] brave.exe (Mem: 323.44 MB),[D:\][Tipo: HDD] Lectura: 23787.27 MB | Escritura: 89676.28 MB | [C:\][Tipo: SSD] Lectura: 16448.04 MB | Escritura: 23259.17 MB,Wi-Fi: 0.05 Mbps (down) / 0.47 Mbps (up)
49,2025-04-12 05:31:50,CPU 1: 40.21% | CPU 2: 27.19% | CPU 3: 34.58% | CPU 4: 26.66% | CPU 5: 37.73% | CPU 6: 24.19% | CPU 7: 45.11% | CPU 8: 23.87%,16221.05 MB,9586.21 MB,[7556] rust-analyzer.exe (Mem: 1617.23 MB) | [17172] brave.exe (Mem: 489.96 MB) | [14588] Code.exe (Mem: 439.11 MB) | [8272] explorer.exe (Mem: 336.46 MB) | [6948] brave.exe (Mem: 323.45 MB),[D:\][Tipo: HDD] Lectura: 23787.27 MB | Escritura: 89676.71 MB | [C:\][Tipo: SSD] Lectura: 16448.17 MB | Escritura: 23272.05 MB,Wi-Fi: 0.06 Mbps (down) / 0.46 Mbps (up)
50,2025-04-12 05:36:57,CPU 1: 39.50% | CPU 2: 25.40% | CPU 3: 35.10% | CPU 4: 26.07% | CPU 5: 38.34% | CPU 6: 21.61% | CPU 7: 42.09% | CPU 8: 25.11%,16221.05 MB,9597.24 MB,[7556] rust-analyzer.exe (Mem: 1617.23 MB) | [17172] brave.exe (Mem: 483.89 MB) | [14588] Code.exe (Mem: 439.12 MB) | [8272] explorer.exe (Mem: 336.44 MB) | [6948] brave.exe (Mem: 326.85 MB),[D:\][Tipo: HDD] Lectura: 23787.27 MB | Escritura: 89677.05 MB | [C:\][Tipo: SSD] Lectura: 16448.64 MB | Escritura: 23315.58 MB,Wi-Fi: 0.05 Mbps (down) / 0.46 Mbps (up)
51,2025-04-12 05:42:04,CPU 1: 39.22% | CPU 2: 25.35% | CPU 3: 35.73% | CPU 4: 26.83% | CPU 5: 37.16% | CPU 6: 22.15% | CPU 7: 43.18% | CPU 8: 23.35%,16221.05 MB,9623.32 MB,[7556] rust-analyzer.exe (Mem: 1617.23 MB) | [17172] brave.exe (Mem: 477.95 MB) | [14588] Code.exe (Mem: 439.13 MB) | [8272] explorer.exe (Mem: 337.50 MB) | [6948] brave.exe (Mem: 324.68 MB),[D:\][Tipo: HDD] Lectura: 23787.27 MB | Escritura: 89677.32 MB | [C:\][Tipo: SSD] Lectura: 16448.86 MB | Escritura: 23330.29 MB,Wi-Fi: 0.06 Mbps (down) / 0.47 Mbps (up)
52,2025-04-12 05:47:11,CPU 1: 39.86% | CPU 2: 24.87% | CPU 3: 35.12% | CPU 4: 27.40% | CPU 5: 38.86% | CPU 6: 23.82% | CPU 7: 42.47% | CPU 8: 26.38%,16221.05 MB,9603.74 MB,[7556] rust-analyzer.exe (Mem: 1617.23 MB) | [17172] brave.exe (Mem: 503.73 MB) | [14588] Code.exe (Mem: 440.45 MB) | [8272] explorer.exe (Mem: 337.67 MB) | [6948] brave.exe (Mem: 324.31 MB),[D:\][Tipo: HDD] Lectura: 23787.27 MB | Escritura: 89677.60 MB | [C:\][Tipo: SSD] Lectura: 16449.43 MB | Escritura: 23344.03 MB,Wi-Fi: 0.06 Mbps (down) / 0.46 Mbps (up)
53,2025-04-12 05:52:19,CPU 1: 40.33% | CPU 2: 25.52% | CPU 3: 34.25% | CPU 4: 25.88% | CPU 5: 36.92% | CPU 6: 23.77% | CPU 7: 43.78% | CPU 8: 22.17%,16221.05 MB,9618.55 MB,[7556] rust-analyzer.exe (Mem: 1617.23 MB) | [17172] brave.exe (Mem: 498.43 MB) | [14588] Code.exe (Mem: 440.32 MB) | [8272] explorer.exe (Mem: 336.55 MB) | [6948] brave.exe (Mem: 324.39 MB),[D:\][Tipo: HDD] Lectura: 23787.27 MB | Escritura: 89677.90 MB | [C:\][Tipo: SSD] Lectura: 16449.68 MB | Escritura: 23356.92 MB,Wi-Fi: 0.06 Mbps (down) / 0.47 Mbps (up)
54,2025-04-12 05:57:26,CPU 1: 38.55% | CPU 2: 24.80% | CPU 3: 35.91% | CPU 4: 24.69% | CPU 5: 34.57% | CPU 6: 26.43% | CPU 7: 41.46% | CPU 8: 25.29%,16221.05 MB,9622.67 MB,[7556] rust-analyzer.exe (Mem: 1617.23 MB) | [17172] brave.exe (Mem: 494.73 MB) | [14588] Code.exe (Mem: 440.34 MB) | [8272] explorer.exe (Mem: 336.65 MB) | [6948] brave.exe (Mem: 324.43 MB),[D:\][Tipo: HDD] Lectura: 23787.27 MB | Escritura: 89678.17 MB | [C:\][Tipo: SSD] Lectura: 16449.78 MB | Escritura: 23369.12 MB,Wi-Fi: 0.05 Mbps (down) / 0.47 Mbps (up)
55,2025-04-12 06:02:33,CPU 1: 38.77% | CPU 2: 24.71% | CPU 3: 34.43% | CPU 4: 25.26% | CPU 5: 35.11% | CPU 6: 22.98% | CPU 7: 41.40% | CPU 8: 24.45%,16221.05 MB,9613.63 MB,[7556] rust-analyzer.exe (Mem: 1617.23 MB) | [17172] brave.exe (Mem: 489.68 MB) | [14588] Code.exe (Mem: 440.07 MB) | [8272] explorer.exe (Mem: 336.53 MB) | [6948] brave.exe (Mem: 324.50 MB),[D:\][Tipo: HDD] Lectura: 23787.27 MB | Escritura: 89678.44 MB | [C:\][Tipo: SSD] Lectura: 16449.87 MB | Escritura: 23383.75 MB,Wi-Fi: 0.05 Mbps (down) / 0.46 Mbps (up)
56,2025-04-12 06:07:40,CPU 1: 41.29% | CPU 2: 25.25% | CPU 3: 36.94% | CPU 4: 27.34% | CPU 5: 38.00% | CPU 6: 25.30% | CPU 7: 42.70% | CPU 8: 25.13%,16221.05 MB,9637.12 MB,[7556] rust-analyzer.exe (Mem: 1617.23 MB) | [17172] brave.exe (Mem: 485.00 MB) | [14588] Code.exe (Mem: 440.60 MB) | [8272] explorer.exe (Mem: 336.51 MB) | [6948] brave.exe (Mem: 324.35 MB),[D:\][Tipo: HDD] Lectura: 23787.27 MB | Escritura: 89679.03 MB | [C:\][Tipo: SSD] Lectura: 16480.96 MB | Escritura: 23446.30 MB,Wi-Fi: 0.05 Mbps (down) / 0.45 Mbps (up)
57,2025-04-12 06:12:48,CPU 1: 40.86% | CPU 2: 25.56% | CPU 3: 37.84% | CPU 4: 29.04% | CPU 5: 40.34% | CPU 6: 30.42% | CPU 7: 41.77% | CPU 8: 27.56%,16221.05 MB,9710.97 MB,[7556] rust-analyzer.exe (Mem: 1617.23 MB) | [17172] brave.exe (Mem: 507.07 MB) | [14588] Code.exe (Mem: 440.61 MB) | [8272] explorer.exe (Mem: 336.64 MB) | [6948] brave.exe (Mem: 324.45 MB),[D:\][Tipo: HDD] Lectura: 23787.27 MB | Escritura: 89679.32 MB | [C:\][Tipo: SSD] Lectura: 16481.18 MB | Escritura: 23461.67 MB,Wi-Fi: 0.07 Mbps (down) / 0.45 Mbps (up)
58,2025-04-12 06:17:55,CPU 1: 41.38% | CPU 2: 27.58% | CPU 3: 37.42% | CPU 4: 30.48% | CPU 5: 37.16% | CPU 6: 26.06% | CPU 7: 40.96% | CPU 8: 29.56%,16221.05 MB,9801.78 MB,[7556] rust-analyzer.exe (Mem: 1617.23 MB) | [17172] brave.exe (Mem: 500.89 MB) | [14588] Code.exe (Mem: 442.84 MB) | [8272] explorer.exe (Mem: 336.51 MB) | [6948] brave.exe (Mem: 324.62 MB),[D:\][Tipo: HDD] Lectura: 23787.27 MB | Escritura: 89679.91 MB | [C:\][Tipo: SSD] Lectura: 16482.39 MB | Escritura: 23478.38 MB,Wi-Fi: 0.05 Mbps (down) / 0.46 Mbps (up)
59,2025-04-12 06:23:02,CPU 1: 40.29% | CPU 2: 25.39% | CPU 3: 35.95% | CPU 4: 27.59% | CPU 5: 37.44% | CPU 6: 23.39% | CPU 7: 43.47% | CPU 8: 27.06%,16221.05 MB,9699.77 MB,[7556] rust-analyzer.exe (Mem: 1617.23 MB) | [17172] brave.exe (Mem: 501.68 MB) | [14588] Code.exe (Mem: 442.73 MB) | [8272] explorer.exe (Mem: 337.46 MB) | [6948] brave.exe (Mem: 324.29 MB),[D:\][Tipo: HDD] Lectura: 23787.27 MB | Escritura: 89680.23 MB | [C:\][Tipo: SSD] Lectura: 16482.78 MB | Escritura: 23497.86 MB,Wi-Fi: 0.05 Mbps (down) / 0.46 Mbps (up)
60,2025-04-12 06:28:10,CPU 1: 33.26% | CPU 2: 20.48% | CPU 3: 29.73% | CPU 4: 20.96% | CPU 5: 30.05% | CPU 6: 16.35% | CPU 7: 36.74% | CPU 8: 18.11%,16221.05 MB,9773.23 MB,[7556] rust-analyzer.exe (Mem: 1617.23 MB) | [17172] brave.exe (Mem: 467.62 MB) | [14588] Code.exe (Mem: 442.68 MB) | [8272] explorer.exe (Mem: 337.63 MB) | [6948] brave.exe (Mem: 324.55 MB),[D:\][Tipo: HDD] Lectura: 23787.27 MB | Escritura: 89680.67 MB | [C:\][Tipo: SSD] Lectura: 16497.78 MB | Escritura: 23527.76 MB,Wi-Fi: 0.01 Mbps (down) / 0.28 Mbps (up)
61,2025-04-12 06:33:16,CPU 1: 31.42% | CPU 2: 20.86% | CPU 3: 32.05% | CPU 4: 22.39% | CPU 5: 32.32% | CPU 6: 16.71% | CPU 7: 36.48% | CPU 8: 18.92%,16221.05 MB,9705.74 MB,[7556] rust-analyzer.exe (Mem: 1617.23 MB) | [17172] brave.exe (Mem: 462.37 MB) | [14588] Code.exe (Mem: 441.34 MB) | [8272] explorer.exe (Mem: 332.15 MB) | [6948] brave.exe (Mem: 320.27 MB),[D:\][Tipo: HDD] Lectura: 23817.87 MB | Escritura: 89682.28 MB | [C:\][Tipo: SSD] Lectura: 16625.63 MB | Escritura: 23578.66 MB,Wi-Fi: 0.03 Mbps (down) / 0.29 Mbps (up)
62,2025-04-12 06:38:21,CPU 1: 28.23% | CPU 2: 15.83% | CPU 3: 29.30% | CPU 4: 16.01% | CPU 5: 22.18% | CPU 6: 14.19% | CPU 7: 45.36% | CPU 8: 17.66%,16221.05 MB,10108.69 MB,[7556] rust-analyzer.exe (Mem: 1617.23 MB) | [14588] Code.exe (Mem: 441.36 MB) | [17172] brave.exe (Mem: 433.77 MB) | [8272] explorer.exe (Mem: 333.93 MB) | [6948] brave.exe (Mem: 319.62 MB),[D:\][Tipo: HDD] Lectura: 24119.15 MB | Escritura: 89879.88 MB | [C:\][Tipo: SSD] Lectura: 17910.38 MB | Escritura: 23875.81 MB,Wi-Fi: 0.02 Mbps (down) / 0.00 Mbps (up)
63,2025-04-12 06:43:26,CPU 1: 12.22% | CPU 2: 4.81% | CPU 3: 10.58% | CPU 4: 29.07% | CPU 5: 12.71% | CPU 6: 2.86% | CPU 7: 9.55% | CPU 8: 5.35%,16221.05 MB,10411.65 MB,[7556] rust-analyzer.exe (Mem: 1617.23 MB) | [14588] Code.exe (Mem: 441.62 MB) | [8272] explorer.exe (Mem: 334.61 MB) | [6948] brave.exe (Mem: 319.86 MB) | [17172] brave.exe (Mem: 257.86 MB),[D:\][Tipo: HDD] Lectura: 25729.71 MB | Escritura: 91504.80 MB | [C:\][Tipo: SSD] Lectura: 23822.92 MB | Escritura: 28396.27 MB,Wi-Fi: 0.01 Mbps (down) / 0.01 Mbps (up)
64,2025-04-12 13:05:23,CPU 1: 18.82% | CPU 2: 5.36% | CPU 3: 18.48% | CPU 4: 6.42% | CPU 5: 14.17% | CPU 6: 11.66% | CPU 7: 11.64% | CPU 8: 8.02%,16221.05 MB,10343.98 MB,[7556] rust-analyzer.exe (Mem: 1619.01 MB) | [14588] Code.exe (Mem: 452.87 MB) | [8272] explorer.exe (Mem: 361.74 MB) | [8748] WhatsApp.exe (Mem: 332.09 MB) | [6948] brave.exe (Mem: 330.06 MB),[D:\][Tipo: HDD] Lectura: 25755.10 MB | Escritura: 91766.82 MB | [C:\][Tipo: SSD] Lectura: 27827.46 MB | Escritura: 32392.78 MB,Wi-Fi: 0.00 Mbps (down) / 0.00 Mbps (up)
65,2025-04-12 13:10:29,CPU 1: 15.83% | CPU 2: 3.02% | CPU 3: 12.23% | CPU 4: 9.52% | CPU 5: 12.60% | CPU 6: 5.50% | CPU 7: 12.13% | CPU 8: 32.31%,16221.05 MB,10172.32 MB,[7556] rust-analyzer.exe (Mem: 1239.91 MB) | [14588] Code.exe (Mem: 364.80 MB) | [8272] explorer.exe (Mem: 353.43 MB) | [6948] brave.exe (Mem: 335.86 MB) | [8748] WhatsApp.exe (Mem: 327.07 MB),[D:\][Tipo: HDD] Lectura: 25755.50 MB | Escritura: 91771.02 MB | [C:\][Tipo: SSD] Lectura: 27926.62 MB | Escritura: 32492.85 MB,Wi-Fi: 2.62 Mbps (down) / 7.21 Mbps (up)
66,2025-04-12 13:15:34,CPU 1: 12.43% | CPU 2: 4.78% | CPU 3: 11.36% | CPU 4: 3.74% | CPU 5: 8.36% | CPU 6: 3.40% | CPU 7: 10.11% | CPU 8: 30.88%,16221.05 MB,9925.20 MB,[7556] rust-analyzer.exe (Mem: 1019.79 MB) | [14588] Code.exe (Mem: 363.44 MB) | [8272] explorer.exe (Mem: 350.08 MB) | [6948] brave.exe (Mem: 332.17 MB) | [22496] brave.exe (Mem: 329.75 MB),[D:\][Tipo: HDD] Lectura: 25755.58 MB | Escritura: 91773.63 MB | [C:\][Tipo: SSD] Lectura: 27931.58 MB | Escritura: 32529.96 MB,Wi-Fi: 2.67 Mbps (down) / 4.06 Mbps (up)
67,2025-04-12 13:20:41,CPU 1: 15.83% | CPU 2: 3.54% | CPU 3: 14.72% | CPU 4: 4.61% | CPU 5: 10.79% | CPU 6: 5.32% | CPU 7: 12.45% | CPU 8: 29.18%,16221.05 MB,9871.31 MB,[7556] rust-analyzer.exe (Mem: 1017.87 MB) | [22496] brave.exe (Mem: 419.10 MB) | [14588] Code.exe (Mem: 389.68 MB) | [8272] explorer.exe (Mem: 340.55 MB) | [6948] brave.exe (Mem: 331.88 MB),[D:\][Tipo: HDD] Lectura: 25756.63 MB | Escritura: 91774.51 MB | [C:\][Tipo: SSD] Lectura: 28367.62 MB | Escritura: 32893.19 MB,Wi-Fi: 3.99 Mbps (down) / 8.81 Mbps (up)
68,2025-04-12 13:25:46,CPU 1: 27.99% | CPU 2: 9.73% | CPU 3: 20.24% | CPU 4: 11.04% | CPU 5: 16.55% | CPU 6: 15.03% | CPU 7: 14.47% | CPU 8: 51.17%,16221.05 MB,9821.33 MB,[7556] rust-analyzer.exe (Mem: 1017.87 MB) | [22496] brave.exe (Mem: 461.41 MB) | [14588] Code.exe (Mem: 391.41 MB) | [8272] explorer.exe (Mem: 340.48 MB) | [6948] brave.exe (Mem: 331.94 MB),[D:\][Tipo: HDD] Lectura: 25756.67 MB | Escritura: 91774.69 MB | [C:\][Tipo: SSD] Lectura: 28376.42 MB | Escritura: 32952.44 MB,Wi-Fi: 0.04 Mbps (down) / 0.03 Mbps (up)
69,2025-04-12 13:30:54,CPU 1: 6.56% | CPU 2: 2.47% | CPU 3: 9.41% | CPU 4: 1.80% | CPU 5: 8.56% | CPU 6: 3.21% | CPU 7: 6.04% | CPU 8: 3.84%,16221.05 MB,8684.31 MB,[7556] rust-analyzer.exe (Mem: 1017.87 MB) | [14588] Code.exe (Mem: 391.69 MB) | [8272] explorer.exe (Mem: 341.45 MB) | [16764] Spotify.exe (Mem: 268.26 MB) | [15568] Copilot.exe (Mem: 266.63 MB),[D:\][Tipo: HDD] Lectura: 25757.00 MB | Escritura: 91775.69 MB | [C:\][Tipo: SSD] Lectura: 28432.32 MB | Escritura: 33016.51 MB,Wi-Fi: 0.00 Mbps (down) / 0.00 Mbps (up)
70,2025-04-12 13:35:59,CPU 1: 16.03% | CPU 2: 26.67% | CPU 3: 16.43% | CPU 4: 9.26% | CPU 5: 14.82% | CPU 6: 7.47% | CPU 7: 14.71% | CPU 8: 4.24%,16221.05 MB,9494.33 MB,[7556] rust-analyzer.exe (Mem: 1016.04 MB) | [14588] Code.exe (Mem: 396.39 MB) | [8272] explorer.exe (Mem: 340.49 MB) | [15568] Copilot.exe (Mem: 267.03 MB) | [16764] Spotify.exe (Mem: 245.83 MB),[D:\][Tipo: HDD] Lectura: 25789.62 MB | Escritura: 91810.79 MB | [C:\][Tipo: SSD] Lectura: 33398.76 MB | Escritura: 38089.79 MB,Wi-Fi: 0.01 Mbps (down) / 0.00 Mbps (up)
71,2025-04-12 13:41:06,CPU 1: 11.09% | CPU 2: 22.27% | CPU 3: 12.30% | CPU 4: 6.70% | CPU 5: 13.45% | CPU 6: 6.69% | CPU 7: 9.00% | CPU 8: 4.61%,16221.05 MB,8747.97 MB,[7556] rust-analyzer.exe (Mem: 1016.04 MB) | [14588] Code.exe (Mem: 396.42 MB) | [8272] explorer.exe (Mem: 340.62 MB) | [15568] Copilot.exe (Mem: 267.04 MB) | [16764] Spotify.exe (Mem: 251.48 MB),[D:\][Tipo: HDD] Lectura: 25789.83 MB | Escritura: 91812.68 MB | [C:\][Tipo: SSD] Lectura: 40652.10 MB | Escritura: 45642.89 MB,Wi-Fi: 0.01 Mbps (down) / 0.01 Mbps (up)
72,2025-04-12 19:36:36,CPU 1: 22.76% | CPU 2: 13.86% | CPU 3: 35.43% | CPU 4: 18.82% | CPU 5: 28.99% | CPU 6: 13.91% | CPU 7: 29.63% | CPU 8: 19.26%,16221.05 MB,12141.39 MB,[8748] WhatsApp.exe (Mem: 3753.30 MB) | [7556] rust-analyzer.exe (Mem: 1003.37 MB) | [8272] explorer.exe (Mem: 367.60 MB) | [14588] Code.exe (Mem: 337.09 MB) | [15568] Copilot.exe (Mem: 240.53 MB),[D:\][Tipo: HDD] Lectura: 25832.99 MB | Escritura: 92192.05 MB | [C:\][Tipo: SSD] Lectura: 43737.92 MB | Escritura: 48427.76 MB,Wi-Fi: 0.00 Mbps (down) / 0.00 Mbps (up)
73,2025-04-12 19:41:43,CPU 1: 8.51% | CPU 2: 5.65% | CPU 3: 11.93% | CPU 4: 5.66% | CPU 5: 10.07% | CPU 6: 8.24% | CPU 7: 10.34% | CPU 8: 4.64%,16221.05 MB,8858.07 MB,[7556] rust-analyzer.exe (Mem: 630.28 MB) | [8272] explorer.exe (Mem: 364.34 MB) | [14588] Code.exe (Mem: 331.52 MB) | [10784] brave.exe (Mem: 284.20 MB) | [15568] Copilot.exe (Mem: 240.55 MB),[D:\][Tipo: HDD] Lectura: 25858.97 MB | Escritura: 92208.75 MB | [C:\][Tipo: SSD] Lectura: 44577.74 MB | Escritura: 48634.80 MB,Wi-Fi: 0.00 Mbps (down) / 0.00 Mbps (up)
74,2025-04-12 19:46:50,CPU 1: 25.34% | CPU 2: 16.46% | CPU 3: 31.27% | CPU 4: 17.53% | CPU 5: 26.50% | CPU 6: 11.17% | CPU 7: 22.61% | CPU 8: 13.33%,16221.05 MB,8893.79 MB,[8272] explorer.exe (Mem: 360.87 MB) | [14588] Code.exe (Mem: 311.37 MB) | [10784] brave.exe (Mem: 293.72 MB) | [16764] Spotify.exe (Mem: 246.47 MB) | [15568] Copilot.exe (Mem: 239.79 MB),[D:\][Tipo: HDD] Lectura: 25906.47 MB | Escritura: 92213.86 MB | [C:\][Tipo: SSD] Lectura: 44680.89 MB | Escritura: 48692.04 MB,Wi-Fi: 0.00 Mbps (down) / 0.00 Mbps (up)
75,2025-04-12 19:51:55,CPU 1: 51.10% | CPU 2: 39.38% | CPU 3: 54.76% | CPU 4: 42.13% | CPU 5: 53.19% | CPU 6: 36.35% | CPU 7: 47.41% | CPU 8: 42.57%,16221.05 MB,9777.34 MB,[8272] explorer.exe (Mem: 387.22 MB) | [14588] Code.exe (Mem: 357.82 MB) | [1632] brave.exe (Mem: 340.94 MB) | [15808] Code.exe (Mem: 322.05 MB) | [10784] brave.exe (Mem: 309.59 MB),[D:\][Tipo: HDD] Lectura: 25918.32 MB | Escritura: 92223.62 MB | [C:\][Tipo: SSD] Lectura: 44877.56 MB | Escritura: 48772.27 MB,Wi-Fi: 0.04 Mbps (down) / 0.31 Mbps (up)
76,2025-04-12 19:57:01,CPU 1: 51.20% | CPU 2: 37.17% | CPU 3: 47.32% | CPU 4: 47.31% | CPU 5: 49.43% | CPU 6: 39.39% | CPU 7: 46.19% | CPU 8: 43.86%,16221.05 MB,10214.21 MB,[1632] brave.exe (Mem: 490.46 MB) | [15808] Code.exe (Mem: 402.98 MB) | [8272] explorer.exe (Mem: 382.34 MB) | [14588] Code.exe (Mem: 366.93 MB) | [10784] brave.exe (Mem: 318.42 MB),[D:\][Tipo: HDD] Lectura: 25919.27 MB | Escritura: 92227.84 MB | [C:\][Tipo: SSD] Lectura: 45099.20 MB | Escritura: 48966.81 MB,Wi-Fi: 1.69 Mbps (down) / 0.56 Mbps (up)
77,2025-04-12 20:02:08,CPU 1: 52.89% | CPU 2: 42.87% | CPU 3: 51.63% | CPU 4: 47.39% | CPU 5: 52.88% | CPU 6: 40.50% | CPU 7: 49.61% | CPU 8: 47.32%,16221.05 MB,10001.89 MB,[1632] brave.exe (Mem: 499.50 MB) | [15808] Code.exe (Mem: 403.11 MB) | [8272] explorer.exe (Mem: 381.28 MB) | [14588] Code.exe (Mem: 366.57 MB) | [10784] brave.exe (Mem: 317.51 MB),[D:\][Tipo: HDD] Lectura: 25919.36 MB | Escritura: 92229.50 MB | [C:\][Tipo: SSD] Lectura: 45105.38 MB | Escritura: 48980.06 MB,Wi-Fi: 1.68 Mbps (down) / 0.50 Mbps (up)
78,2025-04-12 20:07:15,CPU 1: 32.65% | CPU 2: 17.74% | CPU 3: 27.65% | CPU 4: 24.41% | CPU 5: 36.76% | CPU 6: 19.74% | CPU 7: 27.12% | CPU 8: 29.38%,16221.05 MB,9648.88 MB,[1632] brave.exe (Mem: 468.34 MB) | [8272] explorer.exe (Mem: 396.20 MB) | [15808] Code.exe (Mem: 396.14 MB) | [14588] Code.exe (Mem: 380.70 MB) | [10784] brave.exe (Mem: 316.59 MB),[D:\][Tipo: HDD] Lectura: 25919.43 MB | Escritura: 92230.13 MB | [C:\][Tipo: SSD] Lectura: 45109.09 MB | Escritura: 48996.00 MB,Wi-Fi: 1.02 Mbps (down) / 0.04 Mbps (up)
79,2025-04-12 20:12:22,CPU 1: 15.95% | CPU 2: 6.59% | CPU 3: 19.36% | CPU 4: 5.80% | CPU 5: 18.74% | CPU 6: 8.09% | CPU 7: 14.30% | CPU 8: 11.04%,16221.05 MB,9469.89 MB,[1632] brave.exe (Mem: 434.56 MB) | [15808] Code.exe (Mem: 396.14 MB) | [8272] explorer.exe (Mem: 395.13 MB) | [14588] Code.exe (Mem: 380.69 MB) | [10784] brave.exe (Mem: 281.45 MB),[D:\][Tipo: HDD] Lectura: 25919.87 MB | Escritura: 92234.39 MB | [C:\][Tipo: SSD] Lectura: 45116.62 MB | Escritura: 49038.82 MB,Wi-Fi: 0.08 Mbps (down) / 0.02 Mbps (up)
80,2025-04-12 20:17:29,CPU 1: 51.66% | CPU 2: 42.83% | CPU 3: 51.52% | CPU 4: 44.98% | CPU 5: 49.58% | CPU 6: 43.66% | CPU 7: 50.23% | CPU 8: 41.98%,16221.05 MB,9719.52 MB,[1632] brave.exe (Mem: 488.56 MB) | [15808] Code.exe (Mem: 466.10 MB) | [8272] explorer.exe (Mem: 404.58 MB) | [14588] Code.exe (Mem: 387.80 MB) | [10784] brave.exe (Mem: 279.02 MB),[D:\][Tipo: HDD] Lectura: 25919.89 MB | Escritura: 92244.38 MB | [C:\][Tipo: SSD] Lectura: 45124.27 MB | Escritura: 49058.69 MB,Wi-Fi: 0.40 Mbps (down) / 0.53 Mbps (up)
81,2025-04-12 20:22:35,CPU 1: 56.61% | CPU 2: 50.22% | CPU 3: 62.55% | CPU 4: 50.31% | CPU 5: 56.24% | CPU 6: 46.24% | CPU 7: 54.52% | CPU 8: 50.07%,16221.05 MB,9971.14 MB,[1632] brave.exe (Mem: 524.83 MB) | [8272] explorer.exe (Mem: 419.69 MB) | [14588] Code.exe (Mem: 400.21 MB) | [15808] Code.exe (Mem: 385.42 MB) | [10784] brave.exe (Mem: 277.95 MB),[D:\][Tipo: HDD] Lectura: 25920.15 MB | Escritura: 92245.37 MB | [C:\][Tipo: SSD] Lectura: 45383.49 MB | Escritura: 49143.54 MB,Wi-Fi: 0.48 Mbps (down) / 0.61 Mbps (up)
82,2025-04-12 20:27:41,CPU 1: 53.22% | CPU 2: 46.93% | CPU 3: 58.62% | CPU 4: 45.34% | CPU 5: 52.00% | CPU 6: 43.39% | CPU 7: 50.57% | CPU 8: 46.50%,16221.05 MB,10172.26 MB,[15568] Copilot.exe (Mem: 491.07 MB) | [1632] brave.exe (Mem: 488.96 MB) | [8272] explorer.exe (Mem: 421.09 MB) | [14588] Code.exe (Mem: 397.34 MB) | [15808] Code.exe (Mem: 385.69 MB),[D:\][Tipo: HDD] Lectura: 25921.02 MB | Escritura: 92249.21 MB | [C:\][Tipo: SSD] Lectura: 45427.57 MB | Escritura: 49177.38 MB,Wi-Fi: 0.38 Mbps (down) / 0.56 Mbps (up)
83,2025-04-12 20:32:46,CPU 1: 57.75% | CPU 2: 52.32% | CPU 3: 61.83% | CPU 4: 51.05% | CPU 5: 56.73% | CPU 6: 49.43% | CPU 7: 55.59% | CPU 8: 51.06%,16221.05 MB,10181.88 MB,[15568] Copilot.exe (Mem: 526.20 MB) | [1632] brave.exe (Mem: 497.02 MB) | [8272] explorer.exe (Mem: 420.54 MB) | [14588] Code.exe (Mem: 387.88 MB) | [15808] Code.exe (Mem: 377.54 MB),[D:\][Tipo: HDD] Lectura: 25921.05 MB | Escritura: 92250.31 MB | [C:\][Tipo: SSD] Lectura: 45433.07 MB | Escritura: 49202.82 MB,Wi-Fi: 0.52 Mbps (down) / 0.52 Mbps (up)
84,2025-04-12 20:37:53,CPU 1: 52.08% | CPU 2: 44.72% | CPU 3: 48.02% | CPU 4: 45.50% | CPU 5: 50.27% | CPU 6: 37.58% | CPU 7: 48.96% | CPU 8: 37.75%,16221.05 MB,10004.46 MB,[15568] Copilot.exe (Mem: 524.45 MB) | [1632] brave.exe (Mem: 483.86 MB) | [8272] explorer.exe (Mem: 411.33 MB) | [14588] Code.exe (Mem: 389.46 MB) | [15808] Code.exe (Mem: 370.95 MB),[D:\][Tipo: HDD] Lectura: 25921.05 MB | Escritura: 92250.98 MB | [C:\][Tipo: SSD] Lectura: 45435.02 MB | Escritura: 49237.50 MB,Wi-Fi: 1.69 Mbps (down) / 0.52 Mbps (up)
85,2025-04-12 20:43:01,CPU 1: 38.26% | CPU 2: 30.86% | CPU 3: 45.14% | CPU 4: 25.83% | CPU 5: 42.78% | CPU 6: 27.82% | CPU 7: 40.06% | CPU 8: 26.72%,16221.05 MB,10229.85 MB,[15568] Copilot.exe (Mem: 557.20 MB) | [1632] brave.exe (Mem: 460.09 MB) | [8272] explorer.exe (Mem: 414.61 MB) | [14588] Code.exe (Mem: 388.53 MB) | [15808] Code.exe (Mem: 371.36 MB),[D:\][Tipo: HDD] Lectura: 25921.37 MB | Escritura: 92253.09 MB | [C:\][Tipo: SSD] Lectura: 45468.55 MB | Escritura: 49304.46 MB,Wi-Fi: 1.72 Mbps (down) / 0.49 Mbps (up)
86,2025-04-12 20:48:06,CPU 1: 57.40% | CPU 2: 51.18% | CPU 3: 54.69% | CPU 4: 49.56% | CPU 5: 52.64% | CPU 6: 48.40% | CPU 7: 53.45% | CPU 8: 48.93%,16221.05 MB,10248.02 MB,[15568] Copilot.exe (Mem: 539.16 MB) | [1632] brave.exe (Mem: 468.13 MB) | [8272] explorer.exe (Mem: 391.09 MB) | [14588] Code.exe (Mem: 390.14 MB) | [15808] Code.exe (Mem: 377.32 MB),[D:\][Tipo: HDD] Lectura: 25921.37 MB | Escritura: 92255.03 MB | [C:\][Tipo: SSD] Lectura: 45485.15 MB | Escritura: 49352.20 MB,Wi-Fi: 0.58 Mbps (down) / 0.50 Mbps (up)
87,2025-04-12 20:53:13,CPU 1: 57.91% | CPU 2: 51.55% | CPU 3: 57.10% | CPU 4: 50.68% | CPU 5: 53.78% | CPU 6: 48.91% | CPU 7: 54.03% | CPU 8: 51.43%,16221.05 MB,10326.47 MB,[1632] brave.exe (Mem: 573.85 MB) | [15568] Copilot.exe (Mem: 539.20 MB) | [15808] Code.exe (Mem: 394.40 MB) | [14588] Code.exe (Mem: 393.82 MB) | [8272] explorer.exe (Mem: 389.83 MB),[D:\][Tipo: HDD] Lectura: 25921.39 MB | Escritura: 92256.61 MB | [C:\][Tipo: SSD] Lectura: 45551.15 MB | Escritura: 49393.58 MB,Wi-Fi: 0.59 Mbps (down) / 0.56 Mbps (up)
88,2025-04-12 20:58:20,CPU 1: 55.37% | CPU 2: 49.38% | CPU 3: 56.73% | CPU 4: 47.08% | CPU 5: 53.50% | CPU 6: 42.66% | CPU 7: 52.20% | CPU 8: 45.25%,16221.05 MB,10358.46 MB,[1632] brave.exe (Mem: 557.60 MB) | [15568] Copilot.exe (Mem: 538.67 MB) | [14588] Code.exe (Mem: 392.55 MB) | [15808] Code.exe (Mem: 388.59 MB) | [8272] explorer.exe (Mem: 379.50 MB),[D:\][Tipo: HDD] Lectura: 25921.40 MB | Escritura: 92257.17 MB | [C:\][Tipo: SSD] Lectura: 45553.04 MB | Escritura: 49423.02 MB,Wi-Fi: 0.54 Mbps (down) / 0.54 Mbps (up)
